{
  "x_opt": -1.0505050505050502,
  "y_opt": 0.5656565656565657,
  "z_opt": -1.2121212121212122,
  "A0_fijo": 2.0,
  "E_opt": 1.8743765696316057e-07
}