{
  "metodo": "fuerza_bruta_perfilada",
  "x_opt": -1.0505050505050502,
  "y_opt": 0.5656565656565657,
  "z_opt": -1.1515151515151514,
  "A0_opt": 1.9615767004654017,
  "E_opt": 1.8338191687514637e-07,
  "error_pos_km": 0.09598085888827688,
  "grilla": [
    100,
    100,
    100
  ]
}